{"name": "Attack Windows", "version": "2.1", "domain": "mitre-enterprise", "description": "stage: attack | platform: Windows | group(s): all | overlay group(s): ", "filters": {"stages": ["act"], "platforms": ["windows"]},
"sorting": 3, "viewMode": 0, "hideDisable": false, "techniques": [{"techniqueID": "T1075", "score": 5, "metadata": [{"name": "-Groups", "value": "APT32, Night Dragon, APT1, Soft Cell, APT28"}]},
{"techniqueID": "T1005", "score": 17, "metadata": [{"name": "-Groups", "value": "Dragonfly 2.0, Stealth Falcon, Lazarus Group, Turla, BRONZE BUTLER, Patchwork, Threat Group-3390, menuPass, Dark Caracal, Dust Storm, APT1, Ke3chang, Soft Cell, Honeybee, APT28, APT3, APT37"}]},
{"techniqueID": "T1105", "score": 30, "metadata": [{"name": "-Groups", "value": "Dragonfly 2.0, APT33, PLATINUM, FIN7, Patchwork, menuPass, WIRTE, Gamaredon Group, OilRig, Elderwood, Magic Hound, Turla, BRONZE BUTLER, Soft Cell, TA505, Rancor, APT38, Gorgon Group, Lazarus Group, APT32, Threat Group-3390, Cobalt Group, APT28, APT37, FIN10, MuddyWater, FIN8, Leviathan, APT18, APT3"}]},
{"techniqueID": "T1066", "score": 7, "metadata": [{"name": "-Groups", "value": "TEMP.Veles, Turla, Patchwork, Deep Panda, Soft Cell, OilRig, APT3"}]},
{"techniqueID": "T1003", "score": 35, "metadata": [{"name": "-Groups", "value": "Suckfly, Dragonfly 2.0, APT33, PLATINUM, Leafminer, Patchwork, menuPass, Poseidon Group, OilRig, Cleaver, Axiom, Magic Hound, BRONZE BUTLER, FIN5, Strider, FIN6, APT1, Ke3chang, Soft Cell, Stealth Falcon, Molerats, Lazarus Group, APT32, TEMP.Veles, APT39, Threat Group-3390, Sowbug, APT28, APT37, MuddyWater, FIN8, Night Dragon, Leviathan, Stolen Pencil, APT3"}]},
{"techniqueID": "T1073", "score": 8, "metadata": [{"name": "-Groups", "value": "APT32, APT19, Patchwork, Threat Group-3390, menuPass, Tropic Trooper, Soft Cell, APT3"}]},
{"techniqueID": "T1090", "score": 9, "metadata": [{"name": "-Groups", "value": "Lazarus Group, APT39, Turla, Strider, menuPass, MuddyWater, Soft Cell, APT28, APT3"}]},
{"techniqueID": "T1018", "score": 14, "metadata": [{"name": "-Groups", "value": "Dragonfly 2.0, APT32, Turla, BRONZE BUTLER, FIN5, Leafminer, FIN6, Threat Group-3390, menuPass, Deep Panda, FIN8, Ke3chang, Soft Cell, APT3"}]},
{"techniqueID": "T1045", "score": 12, "metadata": [{"name": "-Groups", "value": "APT38, APT32, Group5, APT39, Patchwork, APT29, Dark Caracal, Night Dragon, The White Company, Soft Cell, APT3, Elderwood"}]},
{"techniqueID": "T1214", "score": 1, "metadata": [{"name": "-Groups", "value": "Soft Cell"}]},
{"techniqueID": "T1053", "score": 22, "metadata": [{"name": "-Groups", "value": "Silence, Dragonfly 2.0, APT33, FIN7, Patchwork, menuPass, OilRig, BRONZE BUTLER, FIN6, Soft Cell, Stealth Falcon, Rancor, APT32, TEMP.Veles, APT39, Threat Group-3390, Cobalt Group, FIN10, APT29, FIN8, APT18, APT3"}]},
{"techniqueID": "T1047", "score": 12, "metadata": [{"name": "-Groups", "value": "Lazarus Group, APT32, Leviathan, Threat Group-3390, Deep Panda, menuPass, MuddyWater, APT29, FIN8, Soft Cell, OilRig, Stealth Falcon"}]},
{"techniqueID": "T1049", "score": 11, "metadata": [{"name": "-Groups", "value": "admin@338, APT32, Turla, Threat Group-3390, menuPass, APT1, Ke3chang, Soft Cell, Poseidon Group, OilRig, APT3"}]},
{"techniqueID": "T1016", "score": 19, "metadata": [{"name": "-Groups", "value": "Darkhotel, Dragonfly 2.0, Lazarus Group, Magic Hound, APT32, APT19, admin@338, APT39, Turla, Threat Group-3390, menuPass, MuddyWater, Naikon, APT1, Ke3chang, Soft Cell, OilRig, APT3, Stealth Falcon"}]},
{"techniqueID": "T1022", "score": 12, "metadata": [{"name": "-Groups", "value": "Lazarus Group, APT32, Turla, BRONZE BUTLER, Patchwork, FIN6, Threat Group-3390, menuPass, CopyKittens, Ke3chang, Soft Cell, Honeybee"}]},
{"techniqueID": "T1190", "score": 3, "metadata": [{"name": "-Groups", "value": "Soft Cell, Axiom, Night Dragon"}]},
{"techniqueID": "T1136", "score": 4, "metadata": [{"name": "-Groups", "value": "Soft Cell, Dragonfly 2.0, APT3, Leafminer"}]},
{"techniqueID": "T1133", "score": 9, "metadata": [{"name": "-Groups", "value": "Dragonfly 2.0, TEMP.Veles, FIN5, Threat Group-3390, Night Dragon, Ke3chang, Soft Cell, OilRig, APT18"}]},
{"techniqueID": "T1078", "score": 24, "metadata": [{"name": "-Groups", "value": "Suckfly, Dragonfly 2.0, APT33, menuPass, OilRig, FIN5, FIN6, Carbanak, FIN4, Soft Cell, APT32, TEMP.Veles, APT39, Threat Group-3390, APT28, FIN10, Threat Group-1314, PittyTiger, FIN8, Night Dragon, Leviathan, Stolen Pencil, APT18, APT3"}]},
{"techniqueID": "T1036", "score": 18, "metadata": [{"name": "-Groups", "value": "Dragonfly 2.0, PLATINUM, admin@338, APT32, FIN7, TEMP.Veles, BRONZE BUTLER, Patchwork, FIN6, Sowbug, menuPass, MuddyWater, Scarlet Mimic, Carbanak, APT1, Ke3chang, Soft Cell, Poseidon Group"}]},
{"techniqueID": "T1074", "score": 15, "metadata": [{"name": "-Groups", "value": "Dragonfly 2.0, Lazarus Group, TEMP.Veles, Leviathan, FIN5, Patchwork, FIN6, Threat Group-3390, menuPass, FIN8, Night Dragon, Soft Cell, Honeybee, APT28, APT3"}]},
{"techniqueID": "T1027", "score": 35, "metadata": [{"name": "-Groups", "value": "Silence, Darkhotel, Gallmaker, APT33, FIN7, Group5, Leafminer, Patchwork, menuPass, OilRig, Honeybee, Elderwood, Magic Hound, Turla, Tropic Trooper, Soft Cell, TA505, Putter Panda, BlackOasis, Lazarus Group, APT32, Threat Group-3390, Cobalt Group, Dark Caracal, APT28, APT37, APT19, APT29, MuddyWater, FIN8, Dust Storm, Night Dragon, Leviathan, APT18, APT3"}]},
{"techniqueID": "T1086", "score": 34, "metadata": [{"name": "-Groups", "value": "DarkHydrus, Gallmaker, Dragonfly 2.0, APT33, FIN7, Patchwork, TA459, menuPass, WIRTE, Poseidon Group, OilRig, Thrip, Magic Hound, Turla, BRONZE BUTLER, FIN6, Deep Panda, Soft Cell, TA505, CopyKittens, Stealth Falcon, Gorgon Group, APT32, TEMP.Veles, Threat Group-3390, Cobalt Group, APT28, APT19, FIN10, APT29, MuddyWater, FIN8, Leviathan, APT3"}]},
{"techniqueID": "T1100", "score": 9, "metadata": [{"name": "-Groups", "value": "Dragonfly 2.0, APT32, TEMP.Veles, APT39, Leviathan, Threat Group-3390, Deep Panda, Soft Cell, OilRig"}]},
{"techniqueID": "T1041", "score": 7, "metadata": [{"name": "-Groups", "value": "Lazarus Group, APT32, Gamaredon Group, Ke3chang, Soft Cell, APT3, Stealth Falcon"}]},
{"techniqueID": "T1059", "score": 31, "metadata": [{"name": "-Groups", "value": "Silence, Suckfly, Dragonfly 2.0, FIN7, Patchwork, menuPass, OilRig, Honeybee, Magic Hound, admin@338, Turla, BRONZE BUTLER, APT1, Ke3chang, Soft Cell, Rancor, APT38, Gorgon Group, Lazarus Group, APT32, Threat Group-3390, Cobalt Group, Sowbug, APT28, APT37, Threat Group-1314, MuddyWater, FIN8, Leviathan, APT18, APT3"}]},
{"techniqueID": "T1002", "score": 21, "metadata": [{"name": "-Groups", "value": "Gallmaker, Dragonfly 2.0, APT33, menuPass, Honeybee, Magic Hound, BRONZE BUTLER, FIN6, APT1, Ke3chang, Soft Cell, CopyKittens, Lazarus Group, APT32, APT39, Threat Group-3390, Sowbug, APT28, MuddyWater, FIN8, APT3"}]},
{"techniqueID": "T1033", "score": 16, "metadata": [{"name": "-Groups", "value": "Dragonfly 2.0, Stealth Falcon, Lazarus Group, Magic Hound, APT32, APT19, FIN10, APT39, Patchwork, MuddyWater, Tropic Trooper, Gamaredon Group, Soft Cell, OilRig, APT3, APT37"}]},
{"techniqueID": "T1192", "score": 18, "metadata": [{"name": "-Groups", "value": "Dragonfly 2.0, APT33, Stolen Pencil, Magic Hound, APT32, APT39, Turla, Patchwork, Cobalt Group, APT29, FIN4, FIN8, Night Dragon, Leviathan, TA505, OilRig, APT28, Elderwood"}]},
{"techniqueID": "T1081", "score": 5, "metadata": [{"name": "-Groups", "value": "Stolen Pencil, Turla, MuddyWater, TA505, APT3"}]},
{"techniqueID": "T1116", "score": 10, "metadata": [{"name": "-Groups", "value": "Molerats, Suckfly, Darkhotel, Winnti Group, FIN7, CopyKittens, Leviathan, TA505, Honeybee, APT37"}]},
{"techniqueID": "T1204", "score": 35, "metadata": [{"name": "-Groups", "value": "Silence, DarkHydrus, Gallmaker, Dragonfly 2.0, APT33, PLATINUM, Darkhotel, FIN7, Patchwork, TA459, menuPass, OilRig, Elderwood, Magic Hound, Turla, BRONZE BUTLER, FIN4, TA505, Rancor, Gorgon Group, Lazarus Group, APT32, APT39, Cobalt Group, Dark Caracal, APT28, APT37, APT19, APT12, APT29, MuddyWater, FIN8, The White Company, Night Dragon, Leviathan"}]},
{"techniqueID": "T1064", "score": 40, "metadata": [{"name": "-Groups", "value": "Silence, Darkhotel, Gallmaker, Dragonfly 2.0, FIN7, Leafminer, Patchwork, TA459, menuPass, WIRTE, Gamaredon Group, Honeybee, OilRig, Magic Hound, Turla, BRONZE BUTLER, FIN5, FIN6, Deep Panda, FIN4, APT1, Ke3chang, Stealth Falcon, TA505, Rancor, Gorgon Group, Lazarus Group, APT32, APT39, Cobalt Group, Dark Caracal, APT28, APT37, APT19, FIN10, APT29, MuddyWater, FIN8, Leviathan, APT3"}]},
{"techniqueID": "T1193", "score": 33, "metadata": [{"name": "-Groups", "value": "Silence, DarkHydrus, Gallmaker, Dragonfly 2.0, PLATINUM, Darkhotel, FIN7, Patchwork, TA459, menuPass, OilRig, Elderwood, Magic Hound, Turla, BRONZE BUTLER, FIN4, Tropic Trooper, TA505, Rancor, Gorgon Group, Lazarus Group, APT32, APT39, Cobalt Group, APT28, APT37, APT19, APT12, APT29, MuddyWater, FIN8, The White Company, Leviathan"}]},
{"techniqueID": "T1218", "score": 3, "metadata": [{"name": "-Groups", "value": "Cobalt Group, TA505, Rancor"}]},
{"techniqueID": "T1085", "score": 8, "metadata": [{"name": "-Groups", "value": "APT19, APT29, MuddyWater, Carbanak, TA505, CopyKittens, APT28, APT3"}]},
{"techniqueID": "T1173", "score": 8, "metadata": [{"name": "-Groups", "value": "Gallmaker, FIN7, Patchwork, Cobalt Group, MuddyWater, TA505, APT28, APT37"}]},
{"techniqueID": "T1486", "score": 2, "metadata": [{"name": "-Groups", "value": "APT38, TA505"}]},
{"techniqueID": "T1106", "score": 4, "metadata": [{"name": "-Groups", "value": "Turla, Silence, Gorgon Group, APT37"}]},
{"techniqueID": "T1035", "score": 5, "metadata": [{"name": "-Groups", "value": "Silence, APT32, FIN6, Ke3chang, Honeybee"}]},
{"techniqueID": "T1125", "score": 2, "metadata": [{"name": "-Groups", "value": "FIN7, Silence"}]},
{"techniqueID": "T1113", "score": 10, "metadata": [{"name": "-Groups", "value": "Silence, Dragonfly 2.0, Magic Hound, FIN7, Group5, BRONZE BUTLER, MuddyWater, Dark Caracal, OilRig, APT28"}]},
{"techniqueID": "T1223", "score": 4, "metadata": [{"name": "-Groups", "value": "Silence, OilRig, Dark Caracal, Lazarus Group"}]},
{"techniqueID": "T1107", "score": 23, "metadata": [{"name": "-Groups", "value": "Silence, Dragonfly 2.0, Group5, Patchwork, menuPass, OilRig, Honeybee, Magic Hound, BRONZE BUTLER, FIN5, APT38, Lazarus Group, APT32, TEMP.Veles, Threat Group-3390, Cobalt Group, APT28, FIN10, APT29, FIN8, The White Company, APT18, APT3"}]},
{"techniqueID": "T1071", "score": 28, "metadata": [{"name": "-Groups", "value": "Dragonfly 2.0, APT33, FIN7, WIRTE, Gamaredon Group, OilRig, Honeybee, SilverTerrier, Magic Hound, Turla, BRONZE BUTLER, FIN6, FIN4, Ke3chang, Stealth Falcon, Rancor, APT38, Lazarus Group, APT32, Threat Group-3390, Cobalt Group, Dark Caracal, APT28, APT37, Orangeworm, APT19, Night Dragon, APT18"}]},
{"techniqueID": "T1140", "score": 14, "metadata": [{"name": "-Groups", "value": "Darkhotel, Gorgon Group, APT19, Turla, BRONZE BUTLER, Threat Group-3390, menuPass, MuddyWater, OilRig, Tropic Trooper, WIRTE, Leviathan, Honeybee, APT28"}]},
{"techniqueID": "T1117", "score": 6, "metadata": [{"name": "-Groups", "value": "APT32, APT19, Cobalt Group, Deep Panda, WIRTE, Leviathan"}]},
{"techniqueID": "T1497", "score": 2, "metadata": [{"name": "-Groups", "value": "FIN7, The White Company"}]},
{"techniqueID": "T1063", "score": 8, "metadata": [{"name": "-Groups", "value": "Darkhotel, Patchwork, Cobalt Group, MuddyWater, FIN8, The White Company, Tropic Trooper, Naikon"}]},
{"techniqueID": "T1203", "score": 16, "metadata": [{"name": "-Groups", "value": "APT33, Lazarus Group, APT32, BRONZE BUTLER, Patchwork, Threat Group-3390, Cobalt Group, TA459, APT29, APT12, The White Company, Tropic Trooper, Leviathan, APT28, APT37, Elderwood"}]},
{"techniqueID": "T1124", "score": 4, "metadata": [{"name": "-Groups", "value": "Lazarus Group, Turla, BRONZE BUTLER, The White Company"}]},
{"techniqueID": "T1099", "score": 4, "metadata": [{"name": "-Groups", "value": "TEMP.Veles, APT28, Lazarus Group, APT32"}]},
{"techniqueID": "T1021", "score": 6, "metadata": [{"name": "-Groups", "value": "TEMP.Veles, APT39, GCMAN, menuPass, Leviathan, OilRig"}]},
{"techniqueID": "T1076", "score": 16, "metadata": [{"name": "-Groups", "value": "Axiom, Dragonfly 2.0, Lazarus Group, FIN10, TEMP.Veles, APT39, Patchwork, FIN6, Cobalt Group, menuPass, FIN8, APT1, Leviathan, Stolen Pencil, OilRig, APT3"}]},
{"techniqueID": "T1183", "score": 1, "metadata": [{"name": "-Groups", "value": "TEMP.Veles"}]},
{"techniqueID": "T1065", "score": 8, "metadata": [{"name": "-Groups", "value": "Gorgon Group, APT33, Lazarus Group, Magic Hound, APT32, Group5, TEMP.Veles, APT3"}]},
{"techniqueID": "T1043", "score": 16, "metadata": [{"name": "-Groups", "value": "Dragonfly 2.0, APT33, Lazarus Group, Magic Hound, APT32, APT19, TEMP.Veles, FIN7, Threat Group-3390, APT29, FIN8, Night Dragon, Tropic Trooper, APT18, APT3, APT37"}]},
{"techniqueID": "T1046", "score": 10, "metadata": [{"name": "-Groups", "value": "Suckfly, APT32, APT39, Leafminer, FIN6, Cobalt Group, menuPass, Threat Group-3390, Tropic Trooper, OilRig"}]},
{"techniqueID": "T1023", "score": 8, "metadata": [{"name": "-Groups", "value": "Darkhotel, Gorgon Group, Dragonfly 2.0, Lazarus Group, FIN7, APT39, APT29, Leviathan"}]},
{"techniqueID": "T1060", "score": 27, "metadata": [{"name": "-Groups", "value": "Darkhotel, Dragonfly 2.0, APT33, FIN7, Patchwork, Honeybee, Magic Hound, Turla, BRONZE BUTLER, FIN6, Ke3chang, Gorgon Group, Putter Panda, Lazarus Group, APT32, APT39, Threat Group-3390, Cobalt Group, Dark Caracal, APT37, APT19, FIN10, APT29, MuddyWater, Leviathan, APT18, APT3"}]},
{"techniqueID": "T1176", "score": 1, "metadata": [{"name": "-Groups", "value": "Stolen Pencil"}]},
{"techniqueID": "T1108", "score": 7, "metadata": [{"name": "-Groups", "value": "FIN5, Leafminer, Threat Group-3390, Cobalt Group, Stolen Pencil, OilRig, APT3"}]},
{"techniqueID": "T1056", "score": 15, "metadata": [{"name": "-Groups", "value": "APT38, Darkhotel, PLATINUM, Lazarus Group, Magic Hound, Group5, Threat Group-3390, Sowbug, menuPass, FIN4, Ke3chang, Stolen Pencil, OilRig, APT28, APT3"}]},
{"techniqueID": "T1040", "score": 3, "metadata": [{"name": "-Groups", "value": "Stolen Pencil, APT28, APT33"}]},
{"techniqueID": "T1141", "score": 1, "metadata": [{"name": "-Groups", "value": "FIN4"}]},
{"techniqueID": "T1114", "score": 7, "metadata": [{"name": "-Groups", "value": "Dragonfly 2.0, Magic Hound, Leafminer, FIN4, APT1, Ke3chang, APT28"}]},
{"techniqueID": "T1188", "score": 2, "metadata": [{"name": "-Groups", "value": "APT29, FIN4"}]},
{"techniqueID": "T1492", "score": 2, "metadata": [{"name": "-Groups", "value": "APT38, FIN4"}]},
{"techniqueID": "T1057", "score": 19, "metadata": [{"name": "-Groups", "value": "APT38, Molerats, Darkhotel, Lazarus Group, Magic Hound, Winnti Group, Turla, Deep Panda, MuddyWater, OilRig, Tropic Trooper, APT1, Stealth Falcon, Poseidon Group, Honeybee, APT28, Ke3chang, APT3, APT37"}]},
{"techniqueID": "T1189", "score": 14, "metadata": [{"name": "-Groups", "value": "APT38, Darkhotel, Dragonfly 2.0, PLATINUM, Lazarus Group, APT32, APT19, BRONZE BUTLER, Leafminer, Patchwork, Threat Group-3390, Dark Caracal, APT37, Elderwood"}]},
{"techniqueID": "T1494", "score": 1, "metadata": [{"name": "-Groups", "value": "APT38"}]},
{"techniqueID": "T1493", "score": 1, "metadata": [{"name": "-Groups", "value": "APT38"}]},
{"techniqueID": "T1013", "score": 1, "metadata": [{"name": "-Groups", "value": "APT38"}]},
{"techniqueID": "T1070", "score": 7, "metadata": [{"name": "-Groups", "value": "APT38, Dragonfly 2.0, APT32, FIN5, APT29, FIN8, APT28"}]},
{"techniqueID": "T1485", "score": 2, "metadata": [{"name": "-Groups", "value": "APT38, Lazarus Group"}]},
{"techniqueID": "T1112", "score": 10, "metadata": [{"name": "-Groups", "value": "APT38, Gorgon Group, Dragonfly 2.0, APT32, APT19, Turla, Patchwork, Threat Group-3390, FIN8, Honeybee"}]},
{"techniqueID": "T1487", "score": 3, "metadata": [{"name": "-Groups", "value": "APT38, Lazarus Group, APT37"}]},
{"techniqueID": "T1115", "score": 1, "metadata": [{"name": "-Groups", "value": "APT38"}]},
{"techniqueID": "T1135", "score": 4, "metadata": [{"name": "-Groups", "value": "Sowbug, Dragonfly 2.0, APT1, Tropic Trooper"}]},
{"techniqueID": "T1050", "score": 9, "metadata": [{"name": "-Groups", "value": "Lazarus Group, APT32, FIN7, Threat Group-3390, Cobalt Group, Tropic Trooper, Ke3chang, Carbanak, APT3"}]},
{"techniqueID": "T1082", "score": 19, "metadata": [{"name": "-Groups", "value": "Darkhotel, Lazarus Group, Magic Hound, APT32, APT19, admin@338, Turla, Patchwork, Sowbug, MuddyWater, OilRig, APT18, Tropic Trooper, Gamaredon Group, Stealth Falcon, Ke3chang, Honeybee, APT3, APT37"}]},
{"techniqueID": "T1055", "score": 10, "metadata": [{"name": "-Groups", "value": "Gorgon Group, PLATINUM, Putter Panda, Lazarus Group, Turla, Threat Group-3390, Cobalt Group, Tropic Trooper, Honeybee, APT37"}]},
{"techniqueID": "T1158", "score": 4, "metadata": [{"name": "-Groups", "value": "APT28, Lazarus Group, Tropic Trooper, APT32"}]},
{"techniqueID": "T1004", "score": 2, "metadata": [{"name": "-Groups", "value": "Turla, Tropic Trooper"}]},
{"techniqueID": "T1197", "score": 2, "metadata": [{"name": "-Groups", "value": "Leviathan, Tropic Trooper"}]},
{"techniqueID": "T1221", "score": 4, "metadata": [{"name": "-Groups", "value": "DarkHydrus, APT28, Dragonfly 2.0, Tropic Trooper"}]},
{"techniqueID": "T1032", "score": 10, "metadata": [{"name": "-Groups", "value": "APT33, Lazarus Group, BRONZE BUTLER, Taidoor, FIN6, Cobalt Group, FIN8, Tropic Trooper, Stealth Falcon, OilRig"}]},
{"techniqueID": "T1220", "score": 1, "metadata": [{"name": "-Groups", "value": "Cobalt Group"}]},
{"techniqueID": "T1191", "score": 2, "metadata": [{"name": "-Groups", "value": "Cobalt Group, MuddyWater"}]},
{"techniqueID": "T1088", "score": 8, "metadata": [{"name": "-Groups", "value": "BRONZE BUTLER, Patchwork, Threat Group-3390, Cobalt Group, APT29, MuddyWater, Honeybee, APT37"}]},
{"techniqueID": "T1219", "score": 4, "metadata": [{"name": "-Groups", "value": "Cobalt Group, Carbanak, Thrip, Night Dragon"}]},
{"techniqueID": "T1037", "score": 2, "metadata": [{"name": "-Groups", "value": "Cobalt Group, APT28"}]},
{"techniqueID": "T1068", "score": 8, "metadata": [{"name": "-Groups", "value": "PLATINUM, APT33, APT32, FIN6, Threat Group-3390, Cobalt Group, FIN8, APT28"}]},
{"techniqueID": "T1132", "score": 5, "metadata": [{"name": "-Groups", "value": "APT33, Lazarus Group, APT19, BRONZE BUTLER, Patchwork"}]},
{"techniqueID": "T1031", "score": 3, "metadata": [{"name": "-Groups", "value": "APT19, Honeybee, APT32"}]},
{"techniqueID": "T1093", "score": 3, "metadata": [{"name": "-Groups", "value": "menuPass, Gorgon Group, Patchwork"}]},
{"techniqueID": "T1089", "score": 8, "metadata": [{"name": "-Groups", "value": "Putter Panda, Gorgon Group, Dragonfly 2.0, Lazarus Group, Turla, Threat Group-3390, Night Dragon, Carbanak"}]},
{"techniqueID": "T1110", "score": 7, "metadata": [{"name": "-Groups", "value": "Dragonfly 2.0, APT33, Lazarus Group, Turla, Leafminer, OilRig, APT3"}]},
{"techniqueID": "T1083", "score": 18, "metadata": [{"name": "-Groups", "value": "Dragonfly 2.0, Lazarus Group, Magic Hound, APT32, admin@338, Turla, BRONZE BUTLER, Leafminer, Patchwork, Sowbug, MuddyWater, Dark Caracal, Dust Storm, Ke3chang, Honeybee, APT28, APT3, APT18"}]},
{"techniqueID": "T1187", "score": 2, "metadata": [{"name": "-Groups", "value": "DarkHydrus, Dragonfly 2.0"}]},
{"techniqueID": "T1069", "score": 6, "metadata": [{"name": "-Groups", "value": "Dragonfly 2.0, admin@338, FIN6, Ke3chang, OilRig, APT3"}]},
{"techniqueID": "T1098", "score": 3, "metadata": [{"name": "-Groups", "value": "APT3, Dragonfly 2.0, Lazarus Group"}]},
{"techniqueID": "T1087", "score": 12, "metadata": [{"name": "-Groups", "value": "Dragonfly 2.0, admin@338, APT32, BRONZE BUTLER, FIN6, Threat Group-3390, menuPass, APT1, Ke3chang, Poseidon Group, OilRig, APT3"}]},
{"techniqueID": "T1012", "score": 7, "metadata": [{"name": "-Groups", "value": "Dragonfly 2.0, Lazarus Group, APT32, Turla, Threat Group-3390, Stealth Falcon, OilRig"}]},
{"techniqueID": "T1048", "score": 6, "metadata": [{"name": "-Groups", "value": "APT33, Lazarus Group, Turla, FIN8, OilRig, Thrip"}]},
{"techniqueID": "T1020", "score": 1, "metadata": [{"name": "-Groups", "value": "Honeybee"}]},
{"techniqueID": "T1182", "score": 1, "metadata": [{"name": "-Groups", "value": "Honeybee"}]},
{"techniqueID": "T1077", "score": 9, "metadata": [{"name": "-Groups", "value": "Orangeworm, Lazarus Group, APT32, Threat Group-1314, Turla, Deep Panda, FIN8, Ke3chang, APT3"}]},
{"techniqueID": "T1194", "score": 2, "metadata": [{"name": "-Groups", "value": "Dark Caracal, Magic Hound"}]},
{"techniqueID": "T1480", "score": 2, "metadata": [{"name": "-Groups", "value": "Equation, APT33"}]},
{"techniqueID": "T1102", "score": 11, "metadata": [{"name": "-Groups", "value": "RTM, Magic Hound, FIN7, Turla, BRONZE BUTLER, Patchwork, FIN6, APT12, Leviathan, Carbanak, APT37"}]},
{"techniqueID": "T1094", "score": 4, "metadata": [{"name": "-Groups", "value": "OilRig, PLATINUM, APT37, APT32"}]},
{"techniqueID": "T1120", "score": 4, "metadata": [{"name": "-Groups", "value": "APT28, Equation, APT37, Gamaredon Group"}]},
{"techniqueID": "T1123", "score": 1, "metadata": [{"name": "-Groups", "value": "APT37"}]},
{"techniqueID": "T1195", "score": 1, "metadata": [{"name": "-Groups", "value": "Elderwood"}]},
{"techniqueID": "T1095", "score": 3, "metadata": [{"name": "-Groups", "value": "APT29, PLATINUM, APT3"}]},
{"techniqueID": "T1179", "score": 1, "metadata": [{"name": "-Groups", "value": "PLATINUM"}]},
{"techniqueID": "T1170", "score": 3, "metadata": [{"name": "-Groups", "value": "FIN7, MuddyWater, APT32"}]},
{"techniqueID": "T1175", "score": 1, "metadata": [{"name": "-Groups", "value": "MuddyWater"}]},
{"techniqueID": "T1104", "score": 2, "metadata": [{"name": "-Groups", "value": "MuddyWater, APT3"}]},
{"techniqueID": "T1500", "score": 1, "metadata": [{"name": "-Groups", "value": "MuddyWater"}]},
{"techniqueID": "T1084", "score": 3, "metadata": [{"name": "-Groups", "value": "Leviathan, APT29, Turla"}]},
{"techniqueID": "T1009", "score": 5, "metadata": [{"name": "-Groups", "value": "Moafee, APT32, BRONZE BUTLER, Patchwork, Leviathan"}]},
{"techniqueID": "T1097", "score": 4, "metadata": [{"name": "-Groups", "value": "APT29, BRONZE BUTLER, Ke3chang, APT32"}]},
{"techniqueID": "T1024", "score": 3, "metadata": [{"name": "-Groups", "value": "APT28, BRONZE BUTLER, Lazarus Group"}]},
{"techniqueID": "T1039", "score": 3, "metadata": [{"name": "-Groups", "value": "Sowbug, menuPass, BRONZE BUTLER"}]},
{"techniqueID": "T1119", "score": 7, "metadata": [{"name": "-Groups", "value": "FIN5, FIN6, Threat Group-3390, Patchwork, APT1, OilRig, APT28"}]},
{"techniqueID": "T1137", "score": 2, "metadata": [{"name": "-Groups", "value": "APT28, APT32"}]},
{"techniqueID": "T1222", "score": 1, "metadata": [{"name": "-Groups", "value": "APT32"}]},
{"techniqueID": "T1216", "score": 1, "metadata": [{"name": "-Groups", "value": "APT32"}]},
{"techniqueID": "T1017", "score": 1, "metadata": [{"name": "-Groups", "value": "APT32"}]},
{"techniqueID": "T1096", "score": 1, "metadata": [{"name": "-Groups", "value": "APT32"}]},
{"techniqueID": "T1201", "score": 1, "metadata": [{"name": "-Groups", "value": "OilRig"}]},
{"techniqueID": "T1008", "score": 2, "metadata": [{"name": "-Groups", "value": "OilRig, Lazarus Group"}]},
{"techniqueID": "T1007", "score": 6, "metadata": [{"name": "-Groups", "value": "admin@338, Turla, APT1, Ke3chang, Poseidon Group, OilRig"}]},
{"techniqueID": "T1025", "score": 3, "metadata": [{"name": "-Groups", "value": "Turla, APT28, Gamaredon Group"}]},
{"techniqueID": "T1138", "score": 1, "metadata": [{"name": "-Groups", "value": "FIN7"}]},
{"techniqueID": "T1038", "score": 2, "metadata": [{"name": "-Groups", "value": "menuPass, Threat Group-3390"}]},
{"techniqueID": "T1199", "score": 2, "metadata": [{"name": "-Groups", "value": "menuPass, APT28"}]},
{"techniqueID": "T1014", "score": 2, "metadata": [{"name": "-Groups", "value": "APT28, Winnti Group"}]},
{"techniqueID": "T1134", "score": 3, "metadata": [{"name": "-Groups", "value": "Turla, APT28, Lazarus Group"}]},
{"techniqueID": "T1489", "score": 1, "metadata": [{"name": "-Groups", "value": "Lazarus Group"}]},
{"techniqueID": "T1067", "score": 2, "metadata": [{"name": "-Groups", "value": "APT28, Lazarus Group"}]},
{"techniqueID": "T1488", "score": 1, "metadata": [{"name": "-Groups", "value": "Lazarus Group"}]},
{"techniqueID": "T1010", "score": 1, "metadata": [{"name": "-Groups", "value": "Lazarus Group"}]},
{"techniqueID": "T1026", "score": 1, "metadata": [{"name": "-Groups", "value": "Lazarus Group"}]},
{"techniqueID": "T1496", "score": 1, "metadata": [{"name": "-Groups", "value": "Lazarus Group"}]},
{"techniqueID": "T1072", "score": 1, "metadata": [{"name": "-Groups", "value": "Threat Group-1314"}]},
{"techniqueID": "T1126", "score": 1, "metadata": [{"name": "-Groups", "value": "Threat Group-3390"}]},
{"techniqueID": "T1030", "score": 1, "metadata": [{"name": "-Groups", "value": "Threat Group-3390"}]},
{"techniqueID": "T1028", "score": 1, "metadata": [{"name": "-Groups", "value": "Threat Group-3390"}]},
{"techniqueID": "T1210", "score": 2, "metadata": [{"name": "-Groups", "value": "APT28, Threat Group-3390"}]},
{"techniqueID": "T1015", "score": 4, "metadata": [{"name": "-Groups", "value": "Deep Panda, APT29, APT3, Axiom"}]},
{"techniqueID": "T1061", "score": 1, "metadata": [{"name": "-Groups", "value": "APT3"}]},
{"techniqueID": "T1109", "score": 1, "metadata": [{"name": "-Groups", "value": "Equation"}]},
{"techniqueID": "T1172", "score": 1, "metadata": [{"name": "-Groups", "value": "APT29"}]},
{"techniqueID": "T1091", "score": 2, "metadata": [{"name": "-Groups", "value": "Darkhotel, APT28"}]},
{"techniqueID": "T1080", "score": 1, "metadata": [{"name": "-Groups", "value": "Darkhotel"}]},
{"techniqueID": "T1001", "score": 2, "metadata": [{"name": "-Groups", "value": "Axiom, APT28"}]},
{"techniqueID": "T1122", "score": 1, "metadata": [{"name": "-Groups", "value": "APT28"}]},
{"techniqueID": "T1092", "score": 1, "metadata": [{"name": "-Groups", "value": "APT28"}]},
{"techniqueID": "T1213", "score": 2, "metadata": [{"name": "-Groups", "value": "APT28, Ke3chang"}]},
{"techniqueID": "T1211", "score": 1, "metadata": [{"name": "-Groups", "value": "APT28"}]}], "showTacticRowBackground": false, "tacticRowBackground": "#dddddd", "selectTechniquesAcrossTactics": true, "gradient": {"colors": ["#ffcece", "#ff0000"], "minValue": 0, "maxValue": 40},
"legendItems": [{"label": "Tech. not often used", "color": "#ffcece"},
{"label": "Tech. used frequently", "color": "#ff0000"},
{"label": "Groups overlay: tech. in group + overlay", "color": "#f9a825"},
{"label": "Groups overlay: tech. in overlay", "color": "#ffee58"},
{"label": "Src. of tech. is only software", "color": "#0d47a1 "},
{"label": "Src. of tech. is group(s)/overlay + software", "color": "#64b5f6 "}]}