{"name": "Detections example all", "version": "2.1", "domain": "mitre-enterprise", "description": "description", "filters": {"stages": ["act"], "platforms": ["windows"]},
"sorting": 0, "viewMode": 0, "hideDisable": false, "techniques": [{"techniqueID": "T1196", "color": "#689F38", "comment": "", "enabled": true, "tactic": "defense-evasion", "metadata": [{"name": "-Applicable to", "value": "client endpoints"},
{"name": "-Detection score", "value": "4"},
{"name": "-Detection location", "value": "EDR"},
{"name": "-Comment", "value": "-"}], "score": 4},
{"techniqueID": "T1196", "color": "#689F38", "comment": "", "enabled": true, "tactic": "execution", "metadata": [{"name": "-Applicable to", "value": "client endpoints"},
{"name": "-Detection score", "value": "4"},
{"name": "-Detection location", "value": "EDR"},
{"name": "-Comment", "value": "-"}], "score": 4},
{"techniqueID": "T1214", "color": "#8BC34A", "comment": "", "enabled": true, "tactic": "credential-access", "metadata": [{"name": "-Applicable to", "value": "all"},
{"name": "-Detection score", "value": "3"},
{"name": "-Detection location", "value": "EDR"},
{"name": "-Comment", "value": "-"}], "score": 3},
{"techniqueID": "T1189", "color": "#DCEDC8", "comment": "", "enabled": true, "tactic": "initial-access", "metadata": [{"name": "-Applicable to", "value": "all"},
{"name": "-Detection score", "value": "1"},
{"name": "-Detection location", "value": "SIEM UC 123, Tool Model Y"},
{"name": "-Comment", "value": "-"}], "score": 1},
{"techniqueID": "T1201", "color": "#689F38", "comment": "", "enabled": true, "tactic": "discovery", "metadata": [{"name": "-Applicable to", "value": "domain controllers"},
{"name": "-Detection score", "value": "4"},
{"name": "-Detection location", "value": "Third party product A"},
{"name": "-Comment", "value": "-"}], "score": 4},
{"techniqueID": "T1219", "color": "#689F38", "comment": "", "enabled": true, "tactic": "command-and-control", "metadata": [{"name": "-Applicable to", "value": "all"},
{"name": "-Detection score", "value": "4"},
{"name": "-Detection location", "value": "Third party product A"},
{"name": "-Comment", "value": "-"}], "score": 4},
{"techniqueID": "T1195", "color": "#AED581", "comment": "", "enabled": true, "tactic": "initial-access", "metadata": [{"name": "-Applicable to", "value": "all"},
{"name": "-Detection score", "value": "2"},
{"name": "-Detection location", "value": "Third party product A"},
{"name": "-Comment", "value": "-"}], "score": 2},
{"techniqueID": "T1204", "color": "#64B5F6", "comment": "", "enabled": true, "tactic": "execution", "metadata": [{"name": "-Applicable to", "value": "all"},
{"name": "-Detection score", "value": "0"},
{"name": "-Detection location", "value": "EDR"},
{"name": "-Comment", "value": "-"}], "score": 0},
{"techniqueID": "T1182", "color": "#8BC34A", "comment": "", "enabled": true, "tactic": "persistence", "metadata": [{"name": "-Applicable to", "value": "all"},
{"name": "-Detection score", "value": "3"},
{"name": "-Detection location", "value": "EDR"},
{"name": "-Comment", "value": "-"}], "score": 3},
{"techniqueID": "T1182", "color": "#8BC34A", "comment": "", "enabled": true, "tactic": "privilege-escalation", "metadata": [{"name": "-Applicable to", "value": "all"},
{"name": "-Detection score", "value": "3"},
{"name": "-Detection location", "value": "EDR"},
{"name": "-Comment", "value": "-"}], "score": 3},
{"techniqueID": "T1171", "color": "#AED581", "comment": "", "enabled": true, "tactic": "credential-access", "metadata": [{"name": "-Applicable to", "value": "client endpoints"},
{"name": "-Detection score", "value": "2"},
{"name": "-Detection location", "value": "Third party product A"},
{"name": "-Comment", "value": "This comment will be\nmultiline in\nExcel\n"},
{"name": "---", "value": "---"},
{"name": "-Applicable to", "value": "servers"},
{"name": "-Detection score", "value": "3"},
{"name": "-Detection location", "value": "Model I"},
{"name": "-Comment", "value": "-"}], "score": 2},
{"techniqueID": "T1181", "color": "#689F38", "comment": "", "enabled": true, "tactic": "defense-evasion", "metadata": [{"name": "-Applicable to", "value": "all"},
{"name": "-Detection score", "value": "4"},
{"name": "-Detection location", "value": "EDR"},
{"name": "-Comment", "value": "-"}], "score": 4},
{"techniqueID": "T1181", "color": "#689F38", "comment": "", "enabled": true, "tactic": "privilege-escalation", "metadata": [{"name": "-Applicable to", "value": "all"},
{"name": "-Detection score", "value": "4"},
{"name": "-Detection location", "value": "EDR"},
{"name": "-Comment", "value": "-"}], "score": 4},
{"techniqueID": "T1172", "color": "#33691E", "comment": "", "enabled": true, "tactic": "command-and-control", "metadata": [{"name": "-Applicable to", "value": "all"},
{"name": "-Detection score", "value": "5"},
{"name": "-Detection location", "value": "Model A"},
{"name": "-Comment", "value": "-"}], "score": 5},
{"techniqueID": "T1183", "color": "#AED581", "comment": "", "enabled": true, "tactic": "privilege-escalation", "metadata": [{"name": "-Applicable to", "value": "all"},
{"name": "-Detection score", "value": "2"},
{"name": "-Detection location", "value": "Tool"},
{"name": "-Comment", "value": "-"}], "score": 2},
{"techniqueID": "T1183", "color": "#AED581", "comment": "", "enabled": true, "tactic": "persistence", "metadata": [{"name": "-Applicable to", "value": "all"},
{"name": "-Detection score", "value": "2"},
{"name": "-Detection location", "value": "Tool"},
{"name": "-Comment", "value": "-"}], "score": 2},
{"techniqueID": "T1183", "color": "#AED581", "comment": "", "enabled": true, "tactic": "defense-evasion", "metadata": [{"name": "-Applicable to", "value": "all"},
{"name": "-Detection score", "value": "2"},
{"name": "-Detection location", "value": "Tool"},
{"name": "-Comment", "value": "-"}], "score": 2},
{"techniqueID": "T1134", "color": "#689F38", "comment": "", "enabled": true, "tactic": "defense-evasion", "metadata": [{"name": "-Applicable to", "value": "all"},
{"name": "-Detection score", "value": "4"},
{"name": "-Detection location", "value": "EDR"},
{"name": "-Comment", "value": "-"}], "score": 4},
{"techniqueID": "T1134", "color": "#689F38", "comment": "", "enabled": true, "tactic": "privilege-escalation", "metadata": [{"name": "-Applicable to", "value": "all"},
{"name": "-Detection score", "value": "4"},
{"name": "-Detection location", "value": "EDR"},
{"name": "-Comment", "value": "-"}], "score": 4},
{"techniqueID": "T1138", "color": "#DCEDC8", "comment": "", "enabled": true, "tactic": "persistence", "metadata": [{"name": "-Applicable to", "value": "all"},
{"name": "-Detection score", "value": "1"},
{"name": "-Detection location", "value": "SIEM"},
{"name": "-Comment", "value": "-"}], "score": 1},
{"techniqueID": "T1138", "color": "#DCEDC8", "comment": "", "enabled": true, "tactic": "privilege-escalation", "metadata": [{"name": "-Applicable to", "value": "all"},
{"name": "-Detection score", "value": "1"},
{"name": "-Detection location", "value": "SIEM"},
{"name": "-Comment", "value": "-"}], "score": 1},
{"techniqueID": "T1117", "color": "#8BC34A", "comment": "", "enabled": true, "tactic": "defense-evasion", "metadata": [{"name": "-Applicable to", "value": "all"},
{"name": "-Detection score", "value": "3"},
{"name": "-Detection location", "value": "EDR"},
{"name": "-Comment", "value": "-"}], "score": 3},
{"techniqueID": "T1117", "color": "#8BC34A", "comment": "", "enabled": true, "tactic": "execution", "metadata": [{"name": "-Applicable to", "value": "all"},
{"name": "-Detection score", "value": "3"},
{"name": "-Detection location", "value": "EDR"},
{"name": "-Comment", "value": "-"}], "score": 3},
{"techniqueID": "T1101", "color": "#689F38", "comment": "", "enabled": true, "tactic": "persistence", "metadata": [{"name": "-Applicable to", "value": "all"},
{"name": "-Detection score", "value": "4"},
{"name": "-Detection location", "value": "SIEM UC 789"},
{"name": "-Comment", "value": "-"}], "score": 4},
{"techniqueID": "T1099", "color": "#AED581", "comment": "", "enabled": true, "tactic": "defense-evasion", "metadata": [{"name": "-Applicable to", "value": "all"},
{"name": "-Detection score", "value": "2"},
{"name": "-Detection location", "value": "Tool Model X"},
{"name": "-Comment", "value": "-"}], "score": 2},
{"techniqueID": "T1086", "color": "#8BC34A", "comment": "", "enabled": true, "tactic": "execution", "metadata": [{"name": "-Applicable to", "value": "all"},
{"name": "-Detection score", "value": "3"},
{"name": "-Detection location", "value": "EDR"},
{"name": "-Comment", "value": "-"}], "score": 3},
{"techniqueID": "T1085", "color": "#8BC34A", "comment": "", "enabled": true, "tactic": "defense-evasion", "metadata": [{"name": "-Applicable to", "value": "all"},
{"name": "-Detection score", "value": "3"},
{"name": "-Detection location", "value": "EDR"},
{"name": "-Comment", "value": "-"}], "score": 3},
{"techniqueID": "T1085", "color": "#8BC34A", "comment": "", "enabled": true, "tactic": "execution", "metadata": [{"name": "-Applicable to", "value": "all"},
{"name": "-Detection score", "value": "3"},
{"name": "-Detection location", "value": "EDR"},
{"name": "-Comment", "value": "-"}], "score": 3},
{"techniqueID": "T1082", "color": "#8BC34A", "comment": "", "enabled": true, "tactic": "discovery", "metadata": [{"name": "-Applicable to", "value": "all"},
{"name": "-Detection score", "value": "3"},
{"name": "-Detection location", "value": "Third party product A"},
{"name": "-Comment", "value": "-"}], "score": 3},
{"techniqueID": "T1077", "color": "#64B5F6", "comment": "", "enabled": true, "tactic": "lateral-movement", "metadata": [{"name": "-Applicable to", "value": "all"},
{"name": "-Detection score", "value": "0"},
{"name": "-Detection location", "value": "-"},
{"name": "-Comment", "value": "-"}], "score": 0},
{"techniqueID": "T1065", "color": "#33691E", "comment": "", "enabled": true, "tactic": "command-and-control", "metadata": [{"name": "-Applicable to", "value": "all"},
{"name": "-Detection score", "value": "5"},
{"name": "-Detection location", "value": "Model B"},
{"name": "-Comment", "value": "-"}], "score": 5},
{"techniqueID": "T1064", "color": "#8BC34A", "comment": "", "enabled": true, "tactic": "defense-evasion", "metadata": [{"name": "-Applicable to", "value": "all"},
{"name": "-Detection score", "value": "3"},
{"name": "-Detection location", "value": "EDR, AV Product"},
{"name": "-Comment", "value": "-"}], "score": 3},
{"techniqueID": "T1064", "color": "#8BC34A", "comment": "", "enabled": true, "tactic": "execution", "metadata": [{"name": "-Applicable to", "value": "all"},
{"name": "-Detection score", "value": "3"},
{"name": "-Detection location", "value": "EDR, AV Product"},
{"name": "-Comment", "value": "-"}], "score": 3},
{"techniqueID": "T1056", "color": "#689F38", "comment": "", "enabled": true, "tactic": "collection", "metadata": [{"name": "-Applicable to", "value": "client endpoints"},
{"name": "-Detection score", "value": "4"},
{"name": "-Detection location", "value": "EDR"},
{"name": "-Comment", "value": "-"}], "score": 4},
{"techniqueID": "T1056", "color": "#689F38", "comment": "", "enabled": true, "tactic": "credential-access", "metadata": [{"name": "-Applicable to", "value": "client endpoints"},
{"name": "-Detection score", "value": "4"},
{"name": "-Detection location", "value": "EDR"},
{"name": "-Comment", "value": "-"}], "score": 4},
{"techniqueID": "T1055", "color": "#689F38", "comment": "", "enabled": true, "tactic": "defense-evasion", "metadata": [{"name": "-Applicable to", "value": "all"},
{"name": "-Detection score", "value": "4"},
{"name": "-Detection location", "value": "EDR"},
{"name": "-Comment", "value": "-"}], "score": 4},
{"techniqueID": "T1055", "color": "#689F38", "comment": "", "enabled": true, "tactic": "privilege-escalation", "metadata": [{"name": "-Applicable to", "value": "all"},
{"name": "-Detection score", "value": "4"},
{"name": "-Detection location", "value": "EDR"},
{"name": "-Comment", "value": "-"}], "score": 4},
{"techniqueID": "T1043", "color": "#64B5F6", "comment": "", "enabled": true, "tactic": "command-and-control", "metadata": [{"name": "-Applicable to", "value": "all"},
{"name": "-Detection score", "value": "0"},
{"name": "-Detection location", "value": "-"},
{"name": "-Comment", "value": "-"}], "score": 0},
{"techniqueID": "T1041", "color": "#AED581", "comment": "", "enabled": true, "tactic": "exfiltration", "metadata": [{"name": "-Applicable to", "value": "all"},
{"name": "-Detection score", "value": "2"},
{"name": "-Detection location", "value": "Third party product A"},
{"name": "-Comment", "value": "-"}], "score": 2},
{"techniqueID": "T1037", "color": "#8BC34A", "comment": "", "enabled": true, "tactic": "lateral-movement", "metadata": [{"name": "-Applicable to", "value": "all"},
{"name": "-Detection score", "value": "3"},
{"name": "-Detection location", "value": "Model F"},
{"name": "-Comment", "value": "-"}], "score": 3},
{"techniqueID": "T1037", "color": "#8BC34A", "comment": "", "enabled": true, "tactic": "persistence", "metadata": [{"name": "-Applicable to", "value": "all"},
{"name": "-Detection score", "value": "3"},
{"name": "-Detection location", "value": "Model F"},
{"name": "-Comment", "value": "-"}], "score": 3},
{"techniqueID": "T1036", "color": "#689F38", "comment": "", "enabled": true, "tactic": "defense-evasion", "metadata": [{"name": "-Applicable to", "value": "all"},
{"name": "-Detection score", "value": "4"},
{"name": "-Detection location", "value": "Model C"},
{"name": "-Comment", "value": "-"}], "score": 4},
{"techniqueID": "T1035", "color": "#689F38", "comment": "", "enabled": true, "tactic": "execution", "metadata": [{"name": "-Applicable to", "value": "all"},
{"name": "-Detection score", "value": "4"},
{"name": "-Detection location", "value": "EDR"},
{"name": "-Comment", "value": "-"}], "score": 4},
{"techniqueID": "T1033", "color": "#8BC34A", "comment": "", "enabled": true, "tactic": "discovery", "metadata": [{"name": "-Applicable to", "value": "all"},
{"name": "-Detection score", "value": "3"},
{"name": "-Detection location", "value": "Third party product A"},
{"name": "-Comment", "value": "-"}], "score": 3},
{"techniqueID": "T1024", "color": "#64B5F6", "comment": "", "enabled": true, "tactic": "command-and-control", "metadata": [{"name": "-Applicable to", "value": "all"},
{"name": "-Detection score", "value": "0"},
{"name": "-Detection location", "value": "EDR"},
{"name": "-Comment", "value": "-"}], "score": 0},
{"techniqueID": "T1022", "color": "#AED581", "comment": "", "enabled": true, "tactic": "exfiltration", "metadata": [{"name": "-Applicable to", "value": "all"},
{"name": "-Detection score", "value": "2"},
{"name": "-Detection location", "value": "Model D"},
{"name": "-Comment", "value": "-"}], "score": 2},
{"techniqueID": "T1018", "color": "#8BC34A", "comment": "", "enabled": true, "tactic": "discovery", "metadata": [{"name": "-Applicable to", "value": "all"},
{"name": "-Detection score", "value": "3"},
{"name": "-Detection location", "value": "Third party product A"},
{"name": "-Comment", "value": "-"}], "score": 3},
{"techniqueID": "T1003", "color": "#8BC34A", "comment": "", "enabled": true, "tactic": "credential-access", "metadata": [{"name": "-Applicable to", "value": "all"},
{"name": "-Detection score", "value": "3"},
{"name": "-Detection location", "value": "EDR"},
{"name": "-Comment", "value": "-"}], "score": 3},
{"techniqueID": "T1002", "color": "#AED581", "comment": "", "enabled": true, "tactic": "exfiltration", "metadata": [{"name": "-Applicable to", "value": "all"},
{"name": "-Detection score", "value": "2"},
{"name": "-Detection location", "value": "Model E"},
{"name": "-Comment", "value": "-"}], "score": 2},
{"techniqueID": "T1486", "color": "#689F38", "comment": "", "enabled": true, "tactic": "impact", "metadata": [{"name": "-Applicable to", "value": "all"},
{"name": "-Detection score", "value": "4"},
{"name": "-Detection location", "value": "Model J"},
{"name": "-Comment", "value": "-"}], "score": 4},
{"techniqueID": "T1499", "color": "#33691E", "comment": "", "enabled": true, "tactic": "impact", "metadata": [{"name": "-Applicable to", "value": "websites"},
{"name": "-Detection score", "value": "5"},
{"name": "-Detection location", "value": "Third party"},
{"name": "-Comment", "value": "-"}], "score": 5},
{"techniqueID": "T1498", "color": "#33691E", "comment": "", "enabled": true, "tactic": "impact", "metadata": [{"name": "-Applicable to", "value": "websites"},
{"name": "-Detection score", "value": "5"},
{"name": "-Detection location", "value": "Third party"},
{"name": "-Comment", "value": "-"}], "score": 5}], "showTacticRowBackground": false, "tacticRowBackground": "#dddddd", "selectTechniquesAcrossTactics": true, "legendItems": [{"label": "Detection score 0: Forensics/Context", "color": "#64B5F6"},
{"label": "Detection score 1: Basic", "color": "#DCEDC8"},
{"label": "Detection score 2: Fair", "color": "#AED581"},
{"label": "Detection score 3: Good", "color": "#8BC34A"},
{"label": "Detection score 4: Very good", "color": "#689F38"},
{"label": "Detection score 5: Excellent", "color": "#33691E"}]}